{
  "benchmark": "decode",
  "model": "llama3_2_1b",
  "backend": "flashattn_v0",
  "dtype": "fp32",
  "batch_size": 4,
  "prompt_len": 1024,
  "output_len": 1,
  "num_heads": 32,
  "num_kv_heads": 8,
  "head_dim": 64,
  "mean_ms": 0.33031273051165044,
  "p50_ms": 0.3304159617982805,
  "p95_ms": 0.33209105604328215,
  "p99_ms": 0.3327005647588521,
  "min_ms": 0.32865197863429785,
  "max_ms": 0.3328529419377446,
  "tokens_per_sec": 12105.952685306429,
  "vram_peak_gb": 0.19146728515625,
  "gpu": "NVIDIA H100 80GB HBM3",
  "git_commit": "78fe4c1",
  "timestamp": "2026-05-10T00:53:33.539237+00:00"
}