{
  "benchmark": "decode",
  "model": "llama3_2_1b",
  "backend": "sdpa_naive",
  "dtype": "fp32",
  "batch_size": 1,
  "prompt_len": 1024,
  "output_len": 1,
  "num_heads": 32,
  "num_kv_heads": 8,
  "head_dim": 64,
  "mean_ms": 0.12988814851269126,
  "p50_ms": 0.1299624564126134,
  "p95_ms": 0.13067275285720825,
  "p99_ms": 0.13101851567626,
  "min_ms": 0.1290059881284833,
  "max_ms": 0.13110495638102293,
  "tokens_per_sec": 7694.529848105779,
  "vram_peak_gb": 0.0156402587890625,
  "gpu": "NVIDIA H100 80GB HBM3",
  "git_commit": "78fe4c1",
  "timestamp": "2026-05-10T00:53:33.398230+00:00"
}