{
  "benchmark": "decode",
  "model": "llama3_2_1b",
  "backend": "flashattn_v0",
  "dtype": "fp32",
  "batch_size": 1,
  "prompt_len": 512,
  "output_len": 1,
  "num_heads": 32,
  "num_kv_heads": 8,
  "head_dim": 64,
  "mean_ms": 0.11348669650033116,
  "p50_ms": 0.11319848999846727,
  "p95_ms": 0.11653042456600815,
  "p99_ms": 0.11655249923933297,
  "min_ms": 0.11193100363016129,
  "max_ms": 0.11655801790766418,
  "tokens_per_sec": 8834.040100831206,
  "vram_peak_gb": 0.0166168212890625,
  "gpu": "NVIDIA H200",
  "git_commit": "84533ab",
  "timestamp": "2026-05-16T12:03:11.314872+00:00"
}