{
  "benchmark": "decode",
  "model": "llama3_2_1b",
  "backend": "flashattn_v0",
  "dtype": "fp32",
  "batch_size": 1,
  "prompt_len": 2048,
  "output_len": 1,
  "num_heads": 32,
  "num_kv_heads": 8,
  "head_dim": 64,
  "mean_ms": 0.42719815974123776,
  "p50_ms": 0.42663351632654667,
  "p95_ms": 0.4302754590753466,
  "p99_ms": 0.43073915992863476,
  "min_ms": 0.42500009294599295,
  "max_ms": 0.4308550851419568,
  "tokens_per_sec": 2343.9321144065875,
  "vram_peak_gb": 0.0634918212890625,
  "gpu": "NVIDIA H100 80GB HBM3",
  "git_commit": "78fe4c1",
  "timestamp": "2026-05-10T00:53:33.442744+00:00"
}