{
  "benchmark": "prefill",
  "model": "llama3_2_1b",
  "backend": "flashattn_v0",
  "dtype": "fp32",
  "batch_size": 4,
  "prompt_len": 512,
  "output_len": 0,
  "num_heads": 32,
  "num_kv_heads": 8,
  "head_dim": 64,
  "mean_ms": 0.9498896601144224,
  "p50_ms": 0.948534463532269,
  "p95_ms": 0.976229680236429,
  "p99_ms": 0.9775162930600345,
  "min_ms": 0.9331490145996213,
  "max_ms": 0.9778379462659359,
  "tokens_per_sec": 2159120.283698925,
  "vram_peak_gb": 0.171875,
  "gpu": "NVIDIA H100 80GB HBM3",
  "git_commit": "78fe4c1",
  "timestamp": "2026-05-10T00:53:15.627967+00:00"
}