{
  "benchmark": "prefill",
  "model": "llama3_2_1b",
  "backend": "sdpa",
  "dtype": "fp32",
  "batch_size": 1,
  "prompt_len": 2048,
  "output_len": 0,
  "num_heads": 32,
  "num_kv_heads": 8,
  "head_dim": 64,
  "mean_ms": 0.696023553609848,
  "p50_ms": 0.6947909714654088,
  "p95_ms": 0.7356699323281646,
  "p99_ms": 0.7368547981604934,
  "min_ms": 0.6690920563414693,
  "max_ms": 0.7371510146185756,
  "tokens_per_sec": 2947649.1262983587,
  "vram_peak_gb": 0.0625,
  "gpu": "NVIDIA H100 80GB HBM3",
  "git_commit": "78fe4c1",
  "timestamp": "2026-05-10T00:53:15.127477+00:00"
}