{
  "benchmark": "prefill",
  "model": "llama3_2_1b",
  "backend": "sdpa",
  "dtype": "fp32",
  "batch_size": 1,
  "prompt_len": 1024,
  "output_len": 0,
  "num_heads": 32,
  "num_kv_heads": 8,
  "head_dim": 64,
  "mean_ms": 0.23130699410103261,
  "p50_ms": 0.23189198691397905,
  "p95_ms": 0.23912684991955757,
  "p99_ms": 0.24415580555796623,
  "min_ms": 0.2212900435552001,
  "max_ms": 0.2454130444675684,
  "tokens_per_sec": 4415849.006373193,
  "vram_peak_gb": 0.03125,
  "gpu": "NVIDIA H100 80GB HBM3",
  "git_commit": "78fe4c1",
  "timestamp": "2026-05-10T00:53:15.070151+00:00"
}